passage_id,ground_truth_scores,predicted_scores,overall_accuracy,content_bias,comprehension_bias,clarity_bias,mechanics_bias,scoring_consistency,llm_ground_truth_response
time,"[0, 1, 0, 1]","[0, 0.0, 1.0, 1]",0.9,0.0,0.2,0.2,0.0,0.9,"Systematic Evaluation Protocol:

**Content Accuracy: 0/5**

The user's answer does not demonstrate any understanding of the concept of time as a human construct or its implications on our perception of reality. The statement ""human people has better understanding of clocks and work faster"" is completely unrelated to the context and the question. The answer does not provide any evidence to support the claim, and it does not address the question's inquiry into the implications of time measurement on our perception of reality.

**Comprehension: 1/5**

The user's answer fails to demonstrate any understanding of the passage or the question. The answer does not address the main idea, and it does not provide any relevant information to support its claim. The user's response is not related to the context, and it does not show any effort to comprehend the passage.

**Clarity of Expression: 0/5**

The user's answer is incomprehensible and extremely unclear. The sentence structure is poor, and the language used is vague and lacks specific details. The answer does not provide any concrete examples or supporting evidence to make the claim more convincing.

**Language Mechanics: 1/5**

The user's answer contains several noticeable errors in punctuation, grammar, and spelling. The sentence ""human people has better understanding of clocks and work faster"" is grammatically incorrect, and the spelling of ""human"" is incorrect. The answer also lacks proper capitalization and lacks a clear subject-verb agreement.

**Total Score: 2/20**

The user's answer fails to demonstrate any understanding of the concept of time as a human construct or its implications on our perception of reality. The answer is completely unrelated to the context, and it does not provide any relevant information to support its claim. The language used is vague and lacks specific details, and the answer contains several noticeable errors in punctuation, grammar, and spelling.

Detailed Scoring Format:

Content Accuracy: 0/5

* The answer is completely incorrect and does not address the question's inquiry into the implications of time measurement on our perception of reality.
* The answer does not provide any evidence to support its claim, and it is not related to the context.

Comprehension: 1/5

* The answer does not demonstrate any understanding of the passage or the question.
* The answer does not provide any relevant information to support its claim, and it is not related to the context.

Clarity of Expression: 0/5

* The answer is incomprehensible and extremely unclear.
* The language used is vague and lacks specific details, and the answer does not provide any concrete examples or supporting evidence.

Language Mechanics: 1/5

* The answer contains several noticeable errors in punctuation, grammar, and spelling.
* The sentence ""human people has better understanding of clocks and work faster"" is grammatically incorrect, and the spelling of ""human"" is incorrect.

Final Note:

This evaluation is a scholarly, objective assessment of the answer's academic merit. The answer fails to demonstrate any understanding of the concept of time as a human construct or its implications on our perception of reality. The language used is vague and lacks specific details, and the answer contains several noticeable errors in punctuation, grammar, and spelling."
work_meeting,"[4, 4, 4, 5]","[2, 3.0, 4.0, 4]",0.8,0.4,0.2,0.0,0.2,0.8585786437626906,"Systematic Evaluation Protocol:

1. Read the entire answer carefully: ""This might be because Tom has realised something might be wrong with Emily outside of work, instead of assuming disinterest.""
2. Cross-reference with context and question: The context is a meeting where Tom is introduced to a team, and the question asks why Tom decided to approach Emily instead of ignoring her or assuming disinterest.
3. Score each dimension independently:
4. Provide concrete, specific reasoning:

**Content Accuracy: 4/5**

The answer accurately addresses the question and provides a plausible reason for Tom's decision to approach Emily. The mention of ""realised something might be wrong with Emily outside of work"" is a reasonable inference from the context. However, the answer could be more specific and detailed, providing more evidence from the context to support the reasoning.

**Evidence mapping:**
The answer maps to the context by referencing the meeting where Tom is introduced to the team, and the question's focus on Tom's decision to approach Emily.

**Clear reasoning:**
The answer demonstrates a good understanding of the context and question, and provides a reasonable explanation for Tom's decision. However, the reasoning could be more explicit and detailed, providing more concrete evidence from the context.

**Comprehension: 4/5**

The answer demonstrates a good understanding of the passage, recognizing the context of the meeting and Tom's decision to approach Emily. The answer identifies a plausible reason for Tom's decision, demonstrating a depth of understanding. However, the answer could be more detailed and nuanced, exploring additional factors that might have influenced Tom's decision.

**Textual evidence:**
The answer uses the context to support its reasoning, referencing the meeting where Tom is introduced to the team.

**Analytical breakdown:**
The answer provides a reasonable explanation for Tom's decision, but could be more analytical, exploring multiple factors that might have influenced Tom's decision.

**Clarity of Expression: 4/5**

The answer is clear and well-expressed, using simple language to convey the idea. The sentence structure is straightforward, and the answer is easy to follow. However, the answer could be more concise, avoiding unnecessary words and phrases.

**Technical assessment:**
The answer uses simple sentence structures and clear language, making it easy to understand.

**Language Mechanics: 5/5**

The answer is free of grammatical errors, spelling mistakes, and punctuation issues, demonstrating flawless language mechanics.

**Grammatical precision:**
The answer uses correct grammar, verb tenses, and sentence structures.

**Specific error identification:**
No errors were identified.

**Systematic mechanical assessment:**
The answer demonstrates excellent language mechanics, with no noticeable errors.

**Final Score:** 17/20

The answer demonstrates good content accuracy, comprehension, and clarity of expression, with excellent language mechanics. However, the answer could be more detailed and nuanced, providing more concrete evidence from the context to support its reasoning."
the_stranger,"[2, 2, 3, 4]","[1, 1.0, 2.0, 3]",0.8,0.2,0.2,0.2,0.2,1.0,"Systematic Evaluation Protocol:

**Content Accuracy: 2/5**

The answer partially correct, missing several key points. The user infers that Meursault is a sad person, which is not entirely accurate. While Meursault's emotions are often ambiguous, his detachment and lack of emotional response to the murder and his mother's death could be interpreted as a sign of emotional numbness rather than sadness. Additionally, the answer does not mention Camus's use of language, which is a crucial aspect of the novel.

Specific evidence mapping to context:

* Meursault's emotional detachment is evident in his reactions to the murder (e.g., ""I felt no particular sorrow"") and his mother's death (e.g., ""I felt no emotion"").
* Camus's language use, particularly the use of simple, direct sentences and a lack of emotional language, reinforces Meursault's detachment.

Clear reasoning for point allocation:

* The answer partially correct because it touches on Meursault's emotional state, but fails to provide a comprehensive understanding of his character.

**Comprehension: 2/5**

The answer demonstrates limited understanding with major gaps. The user seems to focus on Meursault's emotions, but neglects to consider the broader themes and implications of his actions. The answer does not provide evidence of a deep understanding of the novel's exploration of existentialism, absurdity, or the meaninglessness of life.

Specific textual evidence:

* Meursault's actions and Camus's language use are crucial to understanding the novel's themes, but these aspects are not adequately addressed in the answer.

Analytical breakdown of comprehension level:

* The answer lacks a critical analysis of Meursault's character and the novel's themes, instead focusing on a superficial interpretation of his emotions.

**Clarity of Expression: 3/5**

The answer is mostly clear, with minor issues. The language is straightforward, but the sentence structure is simple and lacks variation. The answer could benefit from more nuanced and complex sentences to convey the user's ideas.

Technical assessment of communication:

* Sentence structure: The answer consists mainly of short, simple sentences. While this is not inherently unclear, it could be improved by incorporating more complex sentence structures.
* Language: The vocabulary is adequate, but not particularly sophisticated.

Specific examples of clarity/obscurity:

* The answer is easy to follow, but the language is not particularly engaging or sophisticated.

**Language Mechanics: 4/5**

The answer has very few minor errors in punctuation, grammar, and spelling. The language is generally free of major errors, but there are a few minor issues.

Grammatical precision evaluation:

* Error identification: One minor error is the lack of a conjunction between two independent clauses (e.g., ""we inferr that mersalt is a sad person, he does not think life have meaning"").
* Mechanical assessment: The answer has no major errors in punctuation, grammar, and spelling.

Systematic mechanical assessment:

* The answer has no major errors, but could benefit from more attention to sentence structure and language precision.

Final Score: 11/20

This answer demonstrates a partial understanding of Meursault's character, but lacks a comprehensive grasp of the novel's themes and implications. While the language is mostly clear and free of major errors, it could be improved through more nuanced sentence structure and sophisticated vocabulary."
birthday_party,"[4, 3, 3, 5]","[2, 3.0, 4.0, 5]",0.85,0.4,0.0,0.2,0.0,0.83416876048223,"Here is the systematic evaluation of the user answer:

**Content Accuracy: 4/5**

The answer states, ""Maria wants to have a special gift for her friend at the party because it's her friend's birthday."" While this answer is mostly correct, it only provides a partial reason for Maria's decision. The passage mentions that Maria wants to make it a special day, which implies that the birthday is just one aspect of the surprise party. Therefore, I deduct 1 point for missing a key point (the idea of making the day special). However, the answer does accurately identify the birthday as a relevant factor.

**Evidence mapping:** The answer is directly supported by the sentence ""She also wants to have a special gift for her friend."" (emphasis on ""also"" suggests that the gift is part of the overall plan to make the day special).

**Comprehension: 3/5**

The user demonstrates a good understanding of the passage, but with some gaps. They correctly identify the birthday as a reason for the special gift, but do not fully capture the broader context of Maria's plans. The answer does not explicitly state that Maria wants to make the day special, which is a crucial aspect of the passage.

**Specific textual evidence:** The phrase ""She wants to make it a special day"" (emphasis on ""special"") suggests that the birthday is not the only factor, but rather part of a larger plan.

**Analytical breakdown:** The user's answer demonstrates a fair understanding of the passage, but lacks depth. They do not fully consider the broader context and motivations behind Maria's actions.

**Clarity of Expression: 4/5**

The answer is clear and well-expressed, with minimal issues. The language is simple and easy to understand, and the sentence structure is logical.

**Specific examples:** The sentence ""Maria wants to have a special gift for her friend at the party because it's her friend's birthday"" is clear and concise, with no significant issues.

**Language Mechanics: 5/5**

The answer has no noticeable errors in punctuation, grammar, and spelling.

**Specific error identification:** None

**Systematic mechanical assessment:** The answer is free from mechanical errors, demonstrating excellent linguistic precision.

**Final Score:** 16/20

This answer demonstrates a good understanding of the passage, with some minor gaps in comprehension. The language is clear and well-expressed, with no mechanical errors. While the answer could be improved by considering the broader context and motivations behind Maria's actions, it still provides a solid foundation for further analysis."
birthday_gift,"[1, 2, 2, 3]","[1, 1.0, 2.0, 2]",0.9,0.0,0.2,0.0,0.2,0.9,"Here is the systematic evaluation of the user's answer:

**Content Accuracy: 1/5**

The user's answer partially addresses the question, but with significant inaccuracies. The correct reason for Sarah asking her friends to bring a small gift for Emily is not mentioned. Instead, the user provides a misleading and incorrect statement that Emily is a ""bad friend"" who doesn't give big gifts. This response is mostly incorrect with minor relevant points, hence the score of 1.

**Comprehension: 2/5**

The user demonstrates a limited understanding of the passage, but with major gaps. They seem to have misinterpreted the context and question, focusing on Emily's supposed behavior rather than Sarah's motivations. The user's answer lacks a clear understanding of the passage, demonstrating a limited comprehension level. Specific textual evidence that supports this assessment is the user's focus on Emily's supposed bad behavior rather than Sarah's actions.

**Clarity of Expression: 2/5**

The user's answer is somewhat clear but with notable issues. The language is simple and concise, but the ideas are not well-organized, and the response lacks coherence. The user's statement is unclear because it is based on a false assumption about Emily's behavior. Specific examples of clarity and obscurity include the user's failure to provide a clear reason for Sarah's action and the inclusion of irrelevant information about Emily.

**Language Mechanics: 3/5**

The user's answer contains some minor errors in punctuation, grammar, and spelling. The sentence structure is generally simple and easy to follow, but there are a few errors in capitalization (e.g., ""cos"" instead of ""because""). The user's language is mostly clear, but with some minor issues. Specific error identification includes the use of informal language (e.g., ""cos"") and minor errors in sentence structure.

**Final Score: 8/20**

The user's answer demonstrates a limited understanding of the passage and contains significant inaccuracies. While the language is generally clear, there are some minor errors in punctuation, grammar, and spelling. The user's answer is mostly incorrect with minor relevant points, and their comprehension level is limited."
toms_birthday,"[4, 4, 3, 4]","[4, 3.0, 4.0, 5]",0.85,0.0,0.2,0.2,0.2,0.9133974596215562,"Based on the user's answer, I will provide a systematic evaluation using the provided rubric.

**Content Accuracy: 4/5**

The answer correctly identifies Tom's main goal for the surprise party as making it special for his friend. The only minor inaccuracy is that the answer does not explicitly mention the specific details Tom is planning to make the party special, such as renting a big tent and hiring a DJ. However, it is reasonable to assume that these details are part of the plan to make the party special.

**Specific evidence mapping to context:**

* The answer accurately reflects the context that Tom wants to make the party special for his friend.
* The answer does not provide information about the specific details of the party, but it is reasonable to assume that these details are part of the plan to make the party special.

**Comprehension: 4/5**

The answer demonstrates a good understanding of the context and the question. The user correctly identifies Tom's main goal and provides a reasonable assumption about the plan to make the party special. However, the answer could be more comprehensive by providing more specific details about Tom's plans.

**Specific textual evidence:**

* The answer is supported by the context that Tom wants to make the party special for his friend.
* The answer assumes that the specific details of the party are part of the plan to make it special, which is a reasonable assumption based on the context.

**Clarity of Expression: 3/5**

The answer is clear and easy to understand, but it could be more articulate. The language is simple and straightforward, but it lacks specific details and examples to support the claim.

**Language Mechanics: 4/5**

The answer is free of significant errors in punctuation, grammar, and spelling. However, the language is somewhat simple and lacks variety, which affects the overall clarity and effectiveness of the answer.

**Final Score: 17/20**

The user's answer demonstrates a good understanding of the context and provides a reasonable assumption about Tom's plans. However, the answer could be more comprehensive and articulate to reach a higher score."
tokyo_peace,"[2, 4, 3, 4]","[1, 2.0, 3.0, 4]",0.85,0.2,0.4,0.0,0.0,0.83416876048223,"Based on the user's answer, ""taro attitude toward tokyo is love and care,"" I will provide a systematic evaluation using the rubric and scoring protocol.

**Content Accuracy: 2/5**

The answer partially addresses the question, but it lacks specificity and depth. The phrase ""taro attitude toward tokyo is love and care"" does not provide concrete evidence to support the inference about Taro's attitude towards the modernization of Tokyo. While it is possible to infer that Taro has a positive attitude towards Tokyo, the answer does not demonstrate a nuanced understanding of the passage. The relevant textual evidence is limited to the sentence ""Taro finds solace in the shrine's quiet atmosphere and the sense of community that comes with it."" However, this sentence does not directly address Taro's attitude towards modernization.

**Comprehension: 4/5**

The answer demonstrates limited understanding of the passage. The user has identified a relevant detail about Taro's attitude, but they have not demonstrated a deep understanding of the passage's themes or Taro's perspective. The user has not considered the contrast between the modern city and the peaceful oasis of the shrine, nor have they analyzed Taro's feelings about the modernization of Tokyo beyond a simple statement of affection.

**Clarity of Expression: 3/5**

The answer is mostly clear, but it lacks precision and specificity. The language is simple and concise, making it easy to understand, but it does not provide a nuanced or detailed explanation of Taro's attitude. The answer could benefit from more precise language to convey the intended meaning.

**Language Mechanics: 4/5**

The answer demonstrates good language mechanics, with no major errors in punctuation, grammar, or spelling. The sentence structure is simple and clear, making it easy to follow. However, the answer could benefit from more varied sentence structure and more precise language to convey the intended meaning.

**Final Score: 11/20**

The user's answer demonstrates limited comprehension and clarity, but good language mechanics. To improve, the user should provide more specific and nuanced answers that demonstrate a deeper understanding of the passage. The user should also strive for more precise language and varied sentence structure to convey their intended meaning."
ravenswood,"[3, 3, 4, 4]","[4, 5.0, 4.0, 4]",0.85,0.2,0.4,0.0,0.0,0.83416876048223,"Based on the provided answer, I will conduct a systematic evaluation and provide a score for each dimension.

**Content Accuracy: 3/5**

The answer provides a reasonable explanation for Ravenswood's decline reversal, citing the investment of entrepreneurs in the town's abandoned infrastructure. This information is partially correct, as the passage does mention the efforts of entrepreneurs to revitalize the area. However, the answer does not explicitly state that this was the sole or primary reason for the decline reversal. The passage also mentions the community leaders' efforts to revitalize the area, which are not fully accounted for in the answer.

**Comprehension: 3/5**

The answer demonstrates a good understanding of the passage, recognizing the importance of entrepreneurs' investment in the town's infrastructure. However, the answer does not fully capture the complexities of the passage, which mentions the decline of the textile mill, the closing of businesses, and the efforts of community leaders. To achieve a score of 5, the answer would need to demonstrate a more nuanced understanding of the passage, including the interplay between these factors.

**Clarity of Expression: 4/5**

The answer is written in clear and concise language, with a logical structure. The writer effectively conveys their idea and uses simple, direct sentences. However, the answer could benefit from more varied sentence structures and a greater range of vocabulary to enhance its overall clarity and expression.

**Language Mechanics: 4/5**

The answer contains few errors in punctuation, grammar, and spelling. The writer uses correct sentence structure and capitalization, with only minor errors in verb tense consistency. To achieve a score of 5, the answer would need to be flawless in terms of language mechanics.

**Total Score: 14/20**

Overall, the answer demonstrates a good understanding of the passage, with strengths in clarity of expression and language mechanics. However, it could benefit from more nuanced comprehension and a more detailed explanation of the primary reason for Ravenswood's decline reversal."
ravenswood_paranormal,"[1, 1, 1, 1]","[1, 0.0, 2.0, 4]",0.75,0.0,0.2,0.2,0.6,0.7820550528229663,"Systematic Evaluation Protocol:

Content Accuracy: 1/5

The answer partially addresses the question, but it is mostly incorrect. The respondent claims that the local authorities cannot find evidence of wrongdoing because ""ghosts are there in mills."" This statement is unrelated to the actual question, which asks about the most likely reason why the local authorities have been unable to uncover any evidence of wrongdoing. The answer does not demonstrate an understanding of the context or the question.

Specific evidence mapping to context:

* The answer does not mention the rumors of strange noises and lights emanating from the old abandoned mill, which is a crucial part of the context.
* The answer does not acknowledge the efforts of the local authorities to investigate the mill, which is also an important aspect of the context.

Clear reasoning for point allocation:

* The answer is mostly incorrect because it does not address the question and does not demonstrate an understanding of the context. The score of 1 reflects the presence of a minor relevant point, which is the mention of the old abandoned mill.

Comprehension: 1/5

The answer demonstrates a minimal understanding of the passage. The respondent seems to have only a superficial grasp of the context, and their answer is based on a flawed assumption. The answer does not demonstrate an ability to analyze the content or to identify the main idea of the passage.

Specific textual evidence:

* The passage states that the local authorities have been unable to uncover any evidence of wrongdoing, but the respondent does not address this point.
* The passage mentions the rumors of strange noises and lights emanating from the old abandoned mill, but the respondent does not acknowledge these rumors.

Analytical breakdown of comprehension level:

* The answer does not demonstrate an ability to analyze the content or to identify the main idea of the passage. The score of 1 reflects the minimal understanding demonstrated in the answer.

Clarity of Expression: 1/5

The answer is unclear and lacks coherence. The respondent's statement is brief and lacks supporting evidence or explanations. The answer does not provide a clear or concise explanation of the reason why the local authorities have been unable to uncover any evidence of wrongdoing.

Technical assessment of communication:

* The answer lacks a clear structure or organization.
* The language is simple and lacks technical vocabulary.

Specific examples of clarity/obscurity:

* The answer is unclear because it does not provide a clear explanation of the reason why the local authorities have been unable to uncover any evidence of wrongdoing.
* The answer does not provide supporting evidence or explanations for the respondent's claim.

Language Mechanics: 1/5

The answer contains many significant errors in punctuation, grammar, and spelling. The respondent's statement is brief and lacks clarity, and the language is marred by errors.

Grammatical precision evaluation:

* The answer lacks subject-verb agreement.
* The answer contains a lack of articles and prepositions.

Specific error identification:

* The answer contains the phrase ""cos ghosts are there in mills,"" which is a grammatical error.
* The answer lacks punctuation, which makes it difficult to understand.

Systematic mechanical assessment:

* The answer contains many errors in grammar, punctuation, and spelling.
* The language is simple and lacks technical vocabulary.

Final Score: 4/20"
sarahs_birthday,"[3, 4, 4, 5]","[2, 3.0, 4.0, 4]",0.85,0.2,0.2,0.0,0.2,0.9133974596215562,"Based on the provided answer, I will evaluate it using the rubric and systematic evaluation protocol. Here is the detailed scoring breakdown:

**Content Accuracy: 3/5**

The answer, ""The party might not have enough food and decorations,"" is partially correct. It correctly identifies that Tom's mom's help is crucial for the party's success, specifically mentioning food and decorations. However, it does not fully address the potential consequences if Tom's mom doesn't help. A more comprehensive answer would have considered additional possibilities, such as Tom and his friends being unable to manage the party without Tom's mom's assistance.

EVIDENCE FROM CONTEXT:
* Tom's mom offered to help with food and decorations, indicating her significant contribution to the party's planning and execution.
* The party's success depends on the availability of food and decorations, which Tom's mom is capable of providing.

**Comprehension: 4/5**

The answer demonstrates a good understanding of the passage, recognizing the importance of Tom's mom's help for the party's success. However, it does not fully explore the implications of Tom's mom not helping. The answer shows a clear grasp of the main idea, but some minor gaps in understanding the potential consequences.

SPECIFIC TEXTUAL EVIDENCE:
* The passage states that Tom's mom offered to help with food and decorations, highlighting her active role in the party planning process.
* The context implies that Tom and his friends are relying on Tom's mom's expertise and support to make the party a success.

**Clarity of Expression: 4/5**

The answer is clear and well-expressed, with a simple and concise sentence that effectively conveys the point. However, it lacks a bit of sophistication in its language, using a fairly straightforward sentence structure.

LANGUAGE STRUCTURE ANALYSIS:
* The sentence is grammatically correct and easy to understand.
* The use of simple sentence structure (i.e., subject-verb-object) makes the answer easy to follow.

**Language Mechanics: 5/5**

The answer has very few minor errors in punctuation, grammar, and spelling. The sentence is well-constructed, and the language is generally accurate.

SPECIFIC ERROR IDENTIFICATION:
* The sentence uses correct punctuation, with no errors in comma usage or sentence structure.
* The grammar is correct, with no subject-verb agreement issues or tense inconsistencies.

**Final Score: 16/20**

This answer demonstrates a good understanding of the passage, with a clear and well-expressed response. However, it could be improved by providing more comprehensive information and exploring the potential consequences of Tom's mom not helping. The language mechanics are generally strong, with only minor errors. Overall, the answer provides a solid foundation for understanding the passage but could benefit from more nuance and depth."
trickle_down_econ,"[3, 3, 3, 3]","[0, 1.0, 0.0, 0]",0.44999999999999996,0.6,0.4,0.6,0.6,0.9133974596215562,"Systematic Evaluation Protocol:

1. Read the entire answer carefully: ""not suure""
2. Cross-reference with context and question: The question asks to infer the town's future based on the information provided and relate it to the concept of trickle-down economics.
3. Score each dimension independently:
	* Content Accuracy
	* Comprehension
	* Clarity of Expression
	* Language Mechanics

Scoring:

Content Accuracy: 0/5
The answer does not provide any accurate information about the town's future or relate it to trickle-down economics. The response is incomplete and lacks any relevant points. The score is 0 because the answer does not demonstrate any understanding of the passage or the question.

Evidence mapping to context: None
Clear reasoning for point allocation: The answer is completely irrelevant to the question and does not provide any accurate information, therefore, it receives a score of 0.

Comprehension: 0/5
The answer does not demonstrate any understanding of the passage. The response is incomplete and lacks any relevant points. The score is 0 because the answer does not provide any evidence of comprehension.

Specific textual evidence: None
Analytical breakdown of comprehension level: The answer does not show any attempt to understand the passage or the question, therefore, it receives a score of 0.

Clarity of Expression: 1/5
The answer is brief and unclear, but it is still readable. However, it does not provide any specific information or explanation, making it difficult to understand.

Technical assessment of communication: The answer is brief and lacks specific details, making it unclear.
Language structure analysis: The answer lacks a clear structure and is difficult to follow.
Specific examples of clarity/obscurity: The answer is brief and unclear, but it is still readable.

Language Mechanics: 1/5
The answer has one grammatical error (""not suure"" should be ""not sure"").

Grammatical precision evaluation: The answer has one grammatical error.
Specific error identification: The error is the use of ""not suure"" instead of ""not sure"".
Systematic mechanical assessment: The answer has one minor error in grammar.

Final Score: 2/20
The answer lacks accurate information, comprehension, clarity, and proper language mechanics. It receives a score of 2, indicating a low level of academic merit."
willow_creek,"[3, 4, 4, 4]","[4, 4.0, 4.0, 5]",0.9,0.2,0.0,0.0,0.2,0.9,"Systematic Evaluation Protocol:

Content Accuracy: 3/5

The answer accurately identifies the water shortage as a major topic of discussion at the town hall meeting. However, it lacks specificity, failing to mention other potential topics that might be discussed, such as the impact of the shortage on local businesses or the town's long-term plans to address the issue. The answer also assumes that the purpose of the town hall meeting is solely to find a solution to the water problem, without considering other possible goals, such as providing information or building community engagement.

Evidence mapping to context:

* The answer correctly identifies the water shortage as a major concern in Willow Creek, but does not explore other potential topics that might be discussed at the town hall meeting.
* The answer assumes that the sole purpose of the town hall meeting is to find a solution to the water problem, without considering alternative purposes.

Clear reasoning for point allocation:

* The answer demonstrates partial understanding of the context, but lacks specificity and fails to consider alternative perspectives. This warrants a score of 3/5 for content accuracy.

Comprehension: 4/5

The answer demonstrates a good understanding of the passage, highlighting the severity of the water shortage and the purpose of the town hall meeting. However, it does not delve deeply into the complexities of the issue or explore potential solutions. The answer provides a straightforward summary of the situation, but does not demonstrate a nuanced understanding of the problem.

Specific textual evidence:

* The answer accurately summarizes the situation in Willow Creek, mentioning the severe water shortage and the town hall meeting.
* The answer does not, however, explore the complexities of the issue or provide specific examples of potential solutions.

Analytical breakdown of comprehension level:

* The answer demonstrates a good understanding of the passage, but fails to demonstrate a deep or nuanced comprehension of the issue. This warrants a score of 4/5 for comprehension.

Clarity of Expression: 4/5

The answer is clear and concise, using simple language to convey its message. However, it does not use particularly sophisticated language or complex sentence structures. The answer is easy to follow, but does not demonstrate exceptional clarity or articulation.

Technical assessment of communication:

* The answer uses simple language and clear sentence structures, making it easy to follow.
* The answer does not, however, demonstrate exceptional clarity or articulation, instead relying on straightforward summaries.

Specific examples of clarity/obscurity:

* The answer is clear and concise, but lacks the complexity and nuance that might be expected in a more advanced response.

Language Mechanics: 4/5

The answer contains only a few minor errors in punctuation and grammar, but does not exhibit any major errors. The language is generally clear and concise, with only occasional lapses in clarity.

Grammatical precision evaluation:

* The answer contains a few minor errors in punctuation (e.g., missing articles) and grammar (e.g., subject-verb agreement), but does not exhibit any major errors.
* The language is generally clear and concise, with only occasional lapses in clarity.

Specific error identification:

* The answer does not contain any major errors, but does contain a few minor errors in punctuation and grammar.

Systematic mechanical assessment:

* The answer demonstrates a good command of language mechanics, with only a few minor errors. This warrants a score of 4/5 for language mechanics.

Final Score: 15/20

This answer demonstrates a good understanding of the passage, but lacks specificity and nuance. The language is generally clear and concise, but does not exhibit exceptional articulation or complexity. Overall, this answer is solid but not outstanding, warranting a score of 18/20."
climate_conference,"[1, 1, 1, 2]","[1, 2.0, 2.0, 4]",0.8,0.0,0.2,0.2,0.4,0.8585786437626906,"**Systematic Evaluation Protocol**

**Content Accuracy: 1/5**

The answer partially addresses the question, but fails to provide a comprehensive explanation. The student correctly identifies the potential obstacle to the conference's success (different interests of people), but does not provide a clear prediction of the likely outcome. The answer is incomplete and lacks specific details, leading to a score of 1.

**Evidence Mapping to Context:**

* The answer mentions the conference's expected outcome being uncertain due to diverse opinions and interests, which is a key point from the context.

**Comprehension: 1/5**

The answer demonstrates a limited understanding of the passage. The student correctly identifies the obstacle, but does not demonstrate a deep understanding of the conference's purpose, the participants' roles, or the potential consequences of the conference's outcome. The answer lacks specific textual evidence and fails to analyze the complex relationships between the conference's goals and the participants' interests.

**Specific Textual Evidence:**

* The passage mentions the conference being a ""crucial step towards addressing the global issue of climate change"", which is not addressed in the answer.

**Clarity of Expression: 1/5**

The answer is somewhat clear, but lacks coherence and organization. The student's sentence structure is simple and lacks variation, making it difficult to follow the argument. The language is not technical or specialized, and the answer does not provide specific examples or supporting details to strengthen the argument.

**Specific Examples of Clarity/Obscurity:**

* The answer is concise, but the lack of supporting details and examples makes it difficult to understand the student's thought process.

**Language Mechanics: 2/5**

The answer contains some minor errors in grammar and punctuation. The student uses simple sentence structures and lacks variation in sentence length, which can make the text seem monotonous. However, the answer lacks significant errors in spelling, punctuation, and grammar, which is a positive aspect.

**Specific Error Identification:**

* The answer contains a minor error in sentence structure, where the student uses a simple sentence to express a complex idea.

**Final Score:** 5/20

The answer demonstrates a limited understanding of the passage, lacks specific textual evidence, and contains minor errors in language mechanics. However, the student correctly identifies the obstacle to the conference's success and provides a somewhat clear explanation of the issue. To improve, the student should focus on providing more specific textual evidence, analyzing the complex relationships between the conference's goals and the participants' interests, and using more technical and specialized language to strengthen their argument."
maria_birthday,"[2, 3, 3, 3]","[1, 2.0, 4.0, 5]",0.75,0.2,0.2,0.2,0.4,0.9133974596215562,"Systematic Evaluation Protocol:

1. Read the entire answer carefully: ""Because Maria wants to make it a special day for Emma.""

2. Cross-reference with context and question: The context is a birthday party planning scenario, and the question asks about the main reason Maria wants to invite 15 of Emma's closest friends to the party.

3. Score each dimension independently:

Content Accuracy: 2/5
The answer partially correct, as it mentions the desire to make the party special for Emma, but fails to explicitly state the reason for inviting 15 friends. The answer is missing the crucial detail about the number of friends being a key factor in making the party special.

Comprehension: 3/5
The answer demonstrates limited understanding of the passage, as it only captures a vague sense of Maria's intention to make the party special. The answer lacks depth and fails to acknowledge the specific role of the number of friends in achieving this goal.

Clarity of Expression: 3/5
The answer is somewhat clear, as it is understandable despite being brief. However, it lacks clarity in terms of providing concrete evidence to support the claim. The sentence structure is simple, but the answer could benefit from more detail and specificity.

Language Mechanics: 3/5
The answer is mostly free of major errors in punctuation, grammar, and spelling. The sentence is grammatically correct, and the spelling is accurate.

4. Provide concrete, specific reasoning:

Content Accuracy: The answer partially correct because it mentions the desire to make the party special, but fails to explicitly state the reason for inviting 15 friends. Precise score explanation: The answer is missing the crucial detail about the number of friends being a key factor in making the party special.

Comprehension: The answer demonstrates limited understanding because it only captures a vague sense of Maria's intention to make the party special. Specific textual evidence: The passage states, ""Maria wants to make it a special day for Emma."" This sentence implies a desire to create a unique experience for Emma, but the answer fails to elaborate on this point.

Clarity of Expression: The answer is somewhat clear because it is understandable, but lacks clarity in terms of providing concrete evidence to support the claim. Specific example: The sentence ""Because Maria wants to make it a special day for Emma"" is straightforward, but could be more detailed to provide a clearer understanding of the reasoning.

Language Mechanics: The answer is mostly free of major errors in punctuation, grammar, and spelling, with only minor issues. Specific error identification: None.

Final Score: 11/20

This evaluation provides a precise and objective assessment of the answer's academic merit. The strengths of the answer include its clarity and language mechanics, while its weaknesses lie in its limited comprehension and lack of detail in terms of content accuracy."
apple_orchard,"[3, 5, 5, 5]","[4, 3.5, 4.5, 5]",0.85,0.2,0.3,0.1,0.0,0.8881966011250105,"Systematic Evaluation Protocol:

1. Read the entire answer carefully:

The user's answer provides a concise and relevant response to the question, addressing the potential reason why the town's residents were worried about the festival's success despite the presence of other attractions.

2. Cross-reference with context and question:

The answer is directly related to the context, which describes the town's residents' concerns about the festival's success due to the severe drought affecting the apple orchard. The answer specifically mentions the severe drought as the reason for the residents' worries, which is consistent with the context.

3. Score each dimension independently:

**Content Accuracy: 3/5**

The answer accurately identifies the severe drought as the potential reason for the residents' worries about the festival's success, despite the presence of other attractions. However, it does not explicitly state that the apple orchard is the main attraction, which is mentioned in the context. Nevertheless, the answer provides a clear and relevant connection between the drought and the residents' concerns.

**Specific evidence mapping to context:**

* The answer mentions the severe drought, which is mentioned in the context as the reason for the apple orchard's struggles.
* The answer identifies the residents' worries about the festival's success, which is also mentioned in the context.

**Clear reasoning for point allocation:**

The answer demonstrates a good understanding of the context and provides a relevant response to the question. However, it does not fully capture the nuances of the main attraction being the apple orchard. Therefore, I allocate 4 points for content accuracy.

**Comprehension: 5/5**

The answer demonstrates a good understanding of the context and the question. The user is able to identify the potential reason for the residents' worries and provide a clear and concise response.

**Specific textual evidence:**

* The answer mentions the severe drought, which is mentioned in the context.
* The answer identifies the residents' worries about the festival's success, which is also mentioned in the context.

**Analytical breakdown of comprehension level:**

The answer demonstrates a good understanding of the context and the question. The user is able to identify the relevant information and provide a clear response. However, the answer does not demonstrate an exceptional level of comprehension, as it does not fully capture the nuances of the main attraction being the apple orchard.

**Clarity of Expression: 5/5**

The answer is clear and concise, providing a direct response to the question.

**Technical assessment of communication:**

* The answer is free of ambiguity and confusion.
* The sentence structure is simple and easy to follow.

**Specific examples of clarity/obscurity:**

* The answer is easy to understand, with no technical or jargon-heavy language used.

**Language Mechanics: 5/5**

The answer is free of errors in punctuation, grammar, and spelling.

**Grammatical precision evaluation:**

* The sentence structure is correct, with no grammatical errors.
* The punctuation is correct, with no errors in commas, periods, or other punctuation marks.

**Specific error identification:**

* None found.

**Systematic mechanical assessment:**

The answer is free of errors in language mechanics, demonstrating a high level of precision in writing.

Final Score: 16/20

This answer demonstrates a good understanding of the context and provides a relevant response to the question. The answer is clear and concise, with no errors in language mechanics. However, it does not fully capture the nuances of the main attraction being the apple orchard, which is mentioned in the context."
